"id","id_user","username","fullname","roles","created_at","updated_at"
"1","019ac2e0-7c0f-7076-badd-e1e9d0a84e2d","netabotadmin","Netabot Admin","admin","2025-11-27 01:14:43","2025-11-27 01:14:43"
"2","019ac2ec-98aa-7145-8490-b1cbce73d048","Dzul","Muhammad Dzulfiqar","member","2025-11-27 01:27:56","2025-11-27 01:27:56"
"3","001c606e-695a-4a85-88bd-bcc547bbfeb5","augusta03","Angelita Schulist","member","2025-12-16 14:12:27","2025-12-16 14:12:27"
"4","0050d4f5-537d-44fa-932f-736887a8f395","linnie27","Abigayle Gutmann","member","2025-12-16 14:12:27","2025-12-16 14:12:27"
"5","00c23a45-eab9-4360-b3b1-6027611370cf","alexandria89","Foster Treutel I","member","2025-12-16 14:12:27","2025-12-16 14:12:27"
"6","016bc28f-71f1-428a-a2e4-6c62085867f9","reuben63","Elvis Rohan","member","2025-12-16 14:12:27","2025-12-16 14:12:27"
"7","01f9dc8d-6813-40e5-a110-bb3df814875d","ellsworth.buckridge","Dr. Elmer Gorczany","member","2025-12-16 14:12:27","2025-12-16 14:12:27"
"8","03babf57-eef9-47bf-9c80-fd553e834e85","rolfson.lulu","Prof. Howard Hills","member","2025-12-16 14:12:27","2025-12-16 14:12:27"
"9","046e7558-1352-46cf-955d-e571ceaf7ddc","herman.emmitt","Dustin Predovic","member","2025-12-16 14:12:27","2025-12-16 14:12:27"
"10","065e9d06-6eac-4171-9d50-3b318520d540","arvid46","Antonina Lakin","member","2025-12-16 14:12:27","2025-12-16 14:12:27"
"11","08dc3c15-08ea-4155-bfe3-7d20901d13cc","angeline18","Ms. Maritza Haag Jr.","member","2025-12-16 14:12:27","2025-12-16 14:12:27"
"12","0a6be664-9f34-4486-8bb0-b623062a1b19","marisol11","Luisa Funk","member","2025-12-16 14:12:27","2025-12-16 14:12:27"
"13","0abb97b5-d905-41bb-a0ea-e024456346ca","floy.reilly","Adrienne Klocko Jr.","member","2025-12-16 14:12:27","2025-12-16 14:12:27"
"14","0b9af7df-3f73-44bc-8970-76bba5c40b9e","uheller","Prof. Emilio Spencer V","member","2025-12-16 14:12:27","2025-12-16 14:12:27"
"15","0e8aef5b-1768-41f6-8075-053f3c9e6d0c","kirstin37","Marilou Stracke","member","2025-12-16 14:12:27","2025-12-16 14:12:27"
"16","0eb481ad-bc59-45db-90b1-0ce363606054","colt.runolfsdottir","Mr. Joan Kreiger DVM","member","2025-12-16 14:12:27","2025-12-16 14:12:27"
"17","0ef62854-b3d7-41ab-8210-42d423d2c446","sam97","Mr. Louisa McKenzie I","member","2025-12-16 14:12:27","2025-12-16 14:12:27"
"18","0ef674c1-96ce-47af-a43b-84165e358570","krajcik.richmond","Brittany Gerhold","member","2025-12-16 14:12:27","2025-12-16 14:12:27"
"19","10950a0c-8569-46de-934b-9ae743617984","emmitt30","Vernie Raynor","member","2025-12-16 14:12:27","2025-12-16 14:12:27"
"20","10be64ca-071a-4daa-9cef-52b8b61a8951","vferry","Bo Marks","member","2025-12-16 14:12:27","2025-12-16 14:12:27"
"21","11093d6e-7350-497f-9fcc-4ee2545d0ae4","atreutel","Anais Turner","member","2025-12-16 14:12:27","2025-12-16 14:12:27"
"22","11cc6c50-ae79-455b-8ad6-c101b06a5d24","hkris","Mrs. Candice Ruecker DDS","member","2025-12-16 14:12:27","2025-12-16 14:12:27"
"23","11e55733-f127-475b-97ac-fe82b8dda835","beer.estrella","Mavis Reichert","member","2025-12-16 14:12:27","2025-12-16 14:12:27"
"24","1270c8b9-9863-4704-bc43-454722868c23","mernser","Louisa Dickens","member","2025-12-16 14:12:27","2025-12-16 14:12:27"
"25","12f94254-1242-4d4d-9665-807ce8bfe6a2","jeanette.little","Izabella Haag","member","2025-12-16 14:12:27","2025-12-16 14:12:27"
"26","13ccaf5e-5294-4915-95e7-ad97f3a69e0b","ifeeney","Kathryne Miller","member","2025-12-16 14:12:27","2025-12-16 14:12:27"
"27","14c99f5b-7c57-475e-8da3-e7e145208963","izabella.stamm","Soledad Upton DVM","member","2025-12-16 14:12:27","2025-12-16 14:12:27"
"28","16a28b98-75b4-4a6c-b8b2-6b9211df334f","claud.dietrich","Greg O'Keefe","member","2025-12-16 14:12:27","2025-12-16 14:12:27"
"29","17598902-36e4-4b1d-b6a3-bb44cbed5386","janis.roob","Evans Rempel DDS","member","2025-12-16 14:12:27","2025-12-16 14:12:27"
"30","19506027-4412-403a-b227-2f6118ce7814","tremblay.cecilia","Onie Mann Sr.","member","2025-12-16 14:12:27","2025-12-16 14:12:27"
"31","1d34bb45-2607-488c-8d39-a2a76636d34e","brandy.eichmann","Prof. Edyth Champlin","member","2025-12-16 14:12:27","2025-12-16 14:12:27"
"32","1e4510b2-f5d2-4a14-97b6-8b6c2b3c7c54","bosco.karen","Sincere Reichel","member","2025-12-16 14:12:27","2025-12-16 14:12:27"
"33","1e7ab086-68ed-4b66-a0b5-b6c87bef8183","eric01","Eulalia Orn","member","2025-12-16 14:12:27","2025-12-16 14:12:27"
"34","1e8b0aaf-1a3f-4186-ac95-7bf43597c81c","jhuel","Warren Gaylord","member","2025-12-16 14:12:27","2025-12-16 14:12:27"
"35","1eeb0028-0209-47a7-8e8c-e5dc19911a70","glover.deangelo","Lottie O'Hara","member","2025-12-16 14:12:27","2025-12-16 14:12:27"
"36","1efe99cc-a3a7-4968-80dc-c93b1a5a0e37","king.ena","Helmer Powlowski","member","2025-12-16 14:12:27","2025-12-16 14:12:27"
"37","20cbf7f8-755b-4981-951a-e5240ef92bf5","niko88","Dale Torphy","member","2025-12-16 14:12:27","2025-12-16 14:12:27"
"38","240a4e13-2248-490d-9b53-de8363d27f65","eleazar26","Dr. Odell Hilpert","member","2025-12-16 14:12:27","2025-12-16 14:12:27"
"39","2410b438-d503-4276-b39c-a6e8dba57375","delphia.pacocha","Estrella Durgan","member","2025-12-16 14:12:27","2025-12-16 14:12:27"
"40","246e185f-7f03-4a41-a893-dad939c85c25","altenwerth.dena","Major Fisher","member","2025-12-16 14:12:27","2025-12-16 14:12:27"
"41","25cd547f-25c8-4c28-8883-8e1304b143ea","elias.purdy","Dandre Stroman","member","2025-12-16 14:12:27","2025-12-16 14:12:27"
"42","262a42bc-1322-4113-8366-4881fa87b4d2","roob.geovanni","Dr. Gideon Goyette Sr.","member","2025-12-16 14:12:27","2025-12-16 14:12:27"
"43","277ef0aa-f3d5-4d79-aaf4-a7419b5d232e","cydney03","Prof. Osbaldo Cruickshank Jr.","member","2025-12-16 14:12:27","2025-12-16 14:12:27"
"44","27991126-5eea-4009-bd7a-74181e4dd864","colleen.kuhlman","Prof. Bruce Lang","member","2025-12-16 14:12:27","2025-12-16 14:12:27"
"45","28882d42-fd29-4e1a-b0f8-8dc3c80c8494","reid63","Prof. Gussie Kiehn IV","member","2025-12-16 14:12:27","2025-12-16 14:12:27"
"46","2943532f-7e17-4b75-8c0a-a46a244c3cd0","rorn","Luella Waters","member","2025-12-16 14:12:27","2025-12-16 14:12:27"
"47","29a12726-5805-4787-a703-d822964e8212","bins.edwina","Boyd Kuphal DDS","member","2025-12-16 14:12:27","2025-12-16 14:12:27"
"48","2a8e354c-4fe3-4f77-9334-b5b2d31a7962","konopelski.vicente","Prof. Marcelo Hill DDS","member","2025-12-16 14:12:27","2025-12-16 14:12:27"
"49","2b938b7a-6506-4d9d-b92f-35c1de96afc5","hansen.everett","Aric Kuhn II","member","2025-12-16 14:12:27","2025-12-16 14:12:27"
"50","2d6813ef-1372-4c9c-90d5-9ffeb76671d8","rose89","Dr. Jade Schaden","member","2025-12-16 14:12:27","2025-12-16 14:12:27"
"51","308de37d-f925-4fbf-9932-058c70ebc38b","tamara35","Luella Murazik V","member","2025-12-16 14:12:27","2025-12-16 14:12:27"
"52","314139b4-a7c5-4845-9fe2-a093e60bb620","tatum.veum","Ronaldo Hahn","member","2025-12-16 14:12:27","2025-12-16 14:12:27"
"53","33428352-7d99-4c43-bb37-176254f3c50d","anastasia.cronin","Aisha Kilback","member","2025-12-16 14:12:27","2025-12-16 14:12:27"
"54","35059eb3-172b-4e81-a411-2e65edd7baf3","fhegmann","Mr. Timmothy Schowalter","member","2025-12-16 14:12:27","2025-12-16 14:12:27"
"55","35af15d6-fa0f-498c-8309-2dc7b869a4b5","lmante","Destiny Donnelly Sr.","member","2025-12-16 14:12:27","2025-12-16 14:12:27"
"56","35cdf867-af7d-4376-a6e0-ac1e0b7969b1","crooks.uriah","Enoch Batz V","member","2025-12-16 14:12:27","2025-12-16 14:12:27"
"57","37797c50-47d9-48f8-8b96-75e78103b895","keara.cremin","Ms. Maida Crona","member","2025-12-16 14:12:27","2025-12-16 14:12:27"
"58","37946d23-c578-4818-b8b2-401950456f1c","bmoen","Dr. Bettie Ziemann","member","2025-12-16 14:12:27","2025-12-16 14:12:27"
"59","384aeb48-3ef7-4467-b087-eb3ee5bd0349","monique.hills","Prof. Aniyah McKenzie","member","2025-12-16 14:12:27","2025-12-16 14:12:27"
"60","38b55058-d6d4-4edb-9113-dbd30440177d","mayer.autumn","Prof. Sadye Waters DVM","member","2025-12-16 14:12:27","2025-12-16 14:12:27"
"61","38d25a8a-fee7-4852-9bfe-3d309d67395d","huel.alison","Mr. Sedrick Lueilwitz DVM","member","2025-12-16 14:12:27","2025-12-16 14:12:27"
"62","397db5cf-e12d-4069-a24e-285eab61a733","roderick.wolf","Harry Hayes","member","2025-12-16 14:12:27","2025-12-16 14:12:27"
"63","3a6c972e-89a2-49fb-a127-711bdcbafeca","tiana43","Prof. Elroy Leffler PhD","member","2025-12-16 14:12:27","2025-12-16 14:12:27"
"64","3ab31dcc-3e36-4b94-9298-1b9f0530d36b","baltenwerth","Sammy Torphy","member","2025-12-16 14:12:27","2025-12-16 14:12:27"
"65","3b6da858-f6ad-4e0d-80f8-49dfd3b67aab","cathy51","Miss Jane Rowe Sr.","member","2025-12-16 14:12:27","2025-12-16 14:12:27"
"66","3b7cc833-704c-4f1e-9e53-573fd782436f","enos.bins","Lily Collins","member","2025-12-16 14:12:27","2025-12-16 14:12:27"
"67","3b811f1f-ef82-4cfc-9c73-4ad65ee16ce1","rosalee16","Molly Schoen I","member","2025-12-16 14:12:27","2025-12-16 14:12:27"
"68","3c559103-d5bc-4fb4-91e8-edc0ddf3e083","beer.angie","Dr. Arnulfo Kassulke V","member","2025-12-16 14:12:27","2025-12-16 14:12:27"
"69","3cd392b1-f920-4561-b700-e86ad4c1feca","christop18","Prof. Quincy Koch III","member","2025-12-16 14:12:27","2025-12-16 14:12:27"
"70","3daf2220-7158-4d35-b9e9-d17d567f7335","raynor.domenico","Brennan Homenick","member","2025-12-16 14:12:27","2025-12-16 14:12:27"
"71","3db0986b-442a-4959-a0f1-83bb4bddfeb8","marshall.sporer","Garland McLaughlin","member","2025-12-16 14:12:27","2025-12-16 14:12:27"
"72","3e84e5e4-820b-41d7-8b25-793925c00c13","kunde.jacquelyn","Adan Bradtke","member","2025-12-16 14:12:27","2025-12-16 14:12:27"
"73","3f365a62-a744-40b1-aaef-c11a4a106dc3","tanner.schaefer","Mrs. Verlie Labadie III","member","2025-12-16 14:12:27","2025-12-16 14:12:27"
"74","401d1e59-db42-4cd1-8ca7-5ae31c133e9c","lorn","Jasmin White","member","2025-12-16 14:12:27","2025-12-16 14:12:27"
"75","40543000-51d2-4818-97c0-c413c5f3dae0","wade45","Mitchel Rowe","member","2025-12-16 14:12:27","2025-12-16 14:12:27"
"76","419d8c4a-5bcd-42ef-9606-92ab3a0f135e","herman.adelbert","Gracie Murazik","member","2025-12-16 14:12:27","2025-12-16 14:12:27"
"77","4238c575-678e-4b98-877b-615c71183ce8","schumm.frederic","Nova Schmeler","member","2025-12-16 14:12:27","2025-12-16 14:12:27"
"78","4315f20c-7f78-4530-96b1-afda7c64add7","yharris","Lupe Gislason","member","2025-12-16 14:12:27","2025-12-16 14:12:27"
"79","43525d1d-1be2-41df-9c22-5ac90ec24f2a","wisozk.abner","Prof. Pearline Williamson","member","2025-12-16 14:12:27","2025-12-16 14:12:27"
"80","44b4a2bf-128f-43c8-a619-f3cbac455806","emmanuelle.kunze","Santina Powlowski","member","2025-12-16 14:12:27","2025-12-16 14:12:27"
"81","455f59f9-2cc4-431a-bf0e-9fd402069e01","ybogisich","Merl Kerluke","member","2025-12-16 14:12:27","2025-12-16 14:12:27"
"82","470c1e04-43f8-40c0-be57-1de75dc5a0fc","mrohan","Shaina Leuschke","member","2025-12-16 14:12:27","2025-12-16 14:12:27"
"83","47845565-9ec0-481d-945b-bd358696da3e","kuhic.valerie","Evie Jacobi","member","2025-12-16 14:12:27","2025-12-16 14:12:27"
"84","4a2a5161-4f7f-43c8-b9f2-01d9d54cee7a","yvonne.hilpert","Aniya Bayer","member","2025-12-16 14:12:27","2025-12-16 14:12:27"
"85","4b1ae6e2-5b67-4a2b-8463-e49417c5d8a9","hahn.jade","Ramon Gerhold","member","2025-12-16 14:12:27","2025-12-16 14:12:27"
"86","4b5ba949-67c0-423f-80b5-c94922ff4ecb","hswaniawski","Orie Ziemann","member","2025-12-16 14:12:27","2025-12-16 14:12:27"
"87","4b9c999a-2a74-4ac7-8ebf-603b8dd03b46","devonte28","Pink Rau","member","2025-12-16 14:12:27","2025-12-16 14:12:27"
"88","4c4d8057-c17f-4a93-9936-19fd077abe58","hmohr","Rose Witting","member","2025-12-16 14:12:27","2025-12-16 14:12:27"
"89","4ea01386-1b4a-4d0f-a456-4e4627170d74","obergnaum","Mr. Christian Harber","member","2025-12-16 14:12:27","2025-12-16 14:12:27"
"90","50f12d9b-5d14-4425-a044-ffce12d73ae2","murphy.willie","Dr. Marlon Medhurst I","member","2025-12-16 14:12:27","2025-12-16 14:12:27"
"91","52e34b96-ee5d-4938-9e83-52fc7ca3156a","emiliano17","Moses Douglas","member","2025-12-16 14:12:27","2025-12-16 14:12:27"
"92","53f64617-213a-4ea3-a27c-e8454da7accb","terrence47","Carissa Johns MD","member","2025-12-16 14:12:27","2025-12-16 14:12:27"
"93","54752bc5-5ef1-4892-916e-de6fe51b71fd","blick.hadley","Dr. Simone Harris Sr.","member","2025-12-16 14:12:27","2025-12-16 14:12:27"
"94","572a1f70-977a-488d-abbd-da94c177d2c9","destin48","Mr. Dashawn Cruickshank II","member","2025-12-16 14:12:27","2025-12-16 14:12:27"
"95","576a6147-380e-446a-8fc6-99499fe6f113","reinhold.smith","Raleigh McClure","member","2025-12-16 14:12:27","2025-12-16 14:12:27"
"96","58a5812a-0b08-4523-8d5b-51cf98f7235a","camille.erdman","Prof. Jackson Beer","member","2025-12-16 14:12:27","2025-12-16 14:12:27"
"97","5b1dbcd8-22ac-4439-8c1e-5bd79b5b16d3","fsauer","Mr. Dane Kertzmann","member","2025-12-16 14:12:27","2025-12-16 14:12:27"
"98","5b73eece-4f54-456d-8e9b-8b78fc6d9798","kenna.moore","Forrest Schoen","member","2025-12-16 14:12:27","2025-12-16 14:12:27"
"99","5b9b026e-179b-42c9-ac4b-b3d8363afd9b","dkiehn","Dejon Kulas","member","2025-12-16 14:12:27","2025-12-16 14:12:27"
"100","5ce9e252-48e2-4dc8-822f-b408cd7703e2","maurice.mueller","Lucy Upton III","member","2025-12-16 14:12:27","2025-12-16 14:12:27"
"101","5d7dfc49-a855-4e2f-ac9a-8733366086e9","qhowe","Aimee Wiza PhD","member","2025-12-16 14:12:27","2025-12-16 14:12:27"
"102","5f3d2419-3576-4ed9-bd95-fcaf533984ef","izemlak","Gerald Pfannerstill Jr.","member","2025-12-16 14:12:27","2025-12-16 14:12:27"
"103","601bed0b-df16-4120-baf5-6d16a38d2c70","noe.dubuque","Melvin Grant","member","2025-12-16 14:12:27","2025-12-16 14:12:27"
"104","60cabbe3-685f-42c5-815a-b37e4b047e6d","doyle.maeve","Mr. Kaleb Ortiz","member","2025-12-16 14:12:27","2025-12-16 14:12:27"
"105","6176eeb4-abbe-4ef2-9308-369622b5da63","nabernathy","Javon Lehner","member","2025-12-16 14:12:27","2025-12-16 14:12:27"
"106","61ee4b4b-95ec-49eb-992f-ca5a9d9635ea","owen57","Theo Willms DDS","member","2025-12-16 14:12:27","2025-12-16 14:12:27"
"107","62338791-315e-4765-8ea5-9833b6c395d2","earlene69","Daron Pfannerstill","member","2025-12-16 14:12:27","2025-12-16 14:12:27"
"108","65e2cc6e-6dc5-4523-9ce7-ad9409c420f3","haley.devon","Mr. Arnold Hahn I","member","2025-12-16 14:12:27","2025-12-16 14:12:27"
"109","6698d29f-e38b-4523-85f8-0bf7a2efb614","destany.runolfsdottir","Prof. Hortense Bernhard","member","2025-12-16 14:12:27","2025-12-16 14:12:27"
"110","673e185e-b405-4a97-8c00-a052e4d887af","zetta.schamberger","Daphne Corkery","member","2025-12-16 14:12:27","2025-12-16 14:12:27"
"111","698ada65-1fc3-4a3e-9b1f-1b695db7da1a","mcdermott.yvonne","Lavina Parisian","member","2025-12-16 14:12:27","2025-12-16 14:12:27"
"112","699382dd-ebda-49b4-a033-0481160f3c69","raphael01","Miss Eda Walsh","member","2025-12-16 14:12:27","2025-12-16 14:12:27"
"113","69abe040-1784-4e1c-a8dc-1fdae91a2e6f","aheathcote","Tia Funk","member","2025-12-16 14:12:27","2025-12-16 14:12:27"
"114","69afd711-48aa-4571-b207-74cab595d1bc","ryan.rosalia","Angelina Klocko","member","2025-12-16 14:12:27","2025-12-16 14:12:27"
"115","6a7b10ca-f7fb-4158-9ac6-579196c66e21","rogahn.carolanne","Nathen Ferry II","member","2025-12-16 14:12:27","2025-12-16 14:12:27"
"116","6c1571fb-9df9-4884-aaae-0e41bbb32d41","schulist.tiara","Marie Lesch","member","2025-12-16 14:12:27","2025-12-16 14:12:27"
"117","6c5d9861-969f-42bd-aaef-ca704eb38118","gswift","Prof. Kobe Shanahan","member","2025-12-16 14:12:27","2025-12-16 14:12:27"
"118","6c72bb92-86cc-4093-8fcd-f0ba779db43f","khodkiewicz","Mr. Toy Lemke Sr.","member","2025-12-16 14:12:27","2025-12-16 14:12:27"
"119","6c9df7dc-1eb5-4a30-8bb6-1f3306736adb","parker.mertie","Dahlia Keebler PhD","member","2025-12-16 14:12:27","2025-12-16 14:12:27"
"120","6cda7fd1-4a45-4d3b-aadb-4354ce6f5f3b","dkemmer","Winfield Hilpert","member","2025-12-16 14:12:27","2025-12-16 14:12:27"
"121","6df0daf2-ea42-466b-87f0-af8bdb8f846f","ali03","Miss Minnie Purdy I","member","2025-12-16 14:12:27","2025-12-16 14:12:27"
"122","6eb05133-25be-4c8d-b0dc-35d2c6d65ac0","eladio33","Arvel O'Kon Sr.","member","2025-12-16 14:12:27","2025-12-16 14:12:27"
"123","6f14e9a8-dece-4632-939b-66699c8eea84","vosinski","Dr. Jamarcus Raynor","member","2025-12-16 14:12:27","2025-12-16 14:12:27"
"124","6fdfa5d8-18dd-4b8e-aa2e-bd28b7bde6bb","josiane70","Chester Rowe","member","2025-12-16 14:12:27","2025-12-16 14:12:27"
"125","7032f6cf-0874-4373-86c7-0243f9d870ff","diana72","Dr. Jacklyn McCullough Jr.","member","2025-12-16 14:12:27","2025-12-16 14:12:27"
"126","718818c6-a52b-4a9e-86ae-8b264ebbc769","mkerluke","Miss Kaelyn Toy","member","2025-12-16 14:12:27","2025-12-16 14:12:27"
"127","7295a374-2fde-42f3-b8a9-d45b8621cf62","danial98","Marcelo Shields","member","2025-12-16 14:12:27","2025-12-16 14:12:27"
"128","730d9054-625f-491b-be69-304bc29c7825","yschiller","Trystan Bahringer III","member","2025-12-16 14:12:27","2025-12-16 14:12:27"
"129","7327024d-5256-456c-ae13-559b4db76522","swolf","Dr. Bo Bechtelar","member","2025-12-16 14:12:27","2025-12-16 14:12:27"
"130","737f3d02-96c8-4c73-9abb-1faf7207f6a2","ransom.mitchell","Mr. Ahmad Pfannerstill Jr.","member","2025-12-16 14:12:27","2025-12-16 14:12:27"
"131","73b6413d-fb2d-4720-9530-96895c38f404","hauck.ocie","Catalina Mohr","member","2025-12-16 14:12:27","2025-12-16 14:12:27"
"132","746ed516-74ea-4ea9-acaf-8b4176632143","johnston.anita","Ulises Will","member","2025-12-16 14:12:27","2025-12-16 14:12:27"
"133","7559178e-a0bc-40d6-b3c0-775dc5275a60","clovis06","Ashlee Cassin","member","2025-12-16 14:12:27","2025-12-16 14:12:27"
"134","765c1f67-9a2f-4734-b36e-f39c3212cbfa","esauer","Corene Schumm","member","2025-12-16 14:12:27","2025-12-16 14:12:27"
"135","76bc8a8e-c5cc-453b-8b35-54a1a95910bc","eleonore.kling","Daija Flatley I","member","2025-12-16 14:12:27","2025-12-16 14:12:27"
"136","77a8ea84-ed62-4577-a005-a5c30822f804","bartoletti.ashton","Miss Shea Kassulke PhD","member","2025-12-16 14:12:27","2025-12-16 14:12:27"
"137","78ab3512-fd88-4efe-b3ac-0797df2a8504","reynolds.berry","Emmet Bechtelar","member","2025-12-16 14:12:27","2025-12-16 14:12:27"
"138","7aeb9d30-012c-48db-b739-f05399c9157b","gia49","Christophe Lubowitz","member","2025-12-16 14:12:27","2025-12-16 14:12:27"
"139","7b8bd28b-d482-4e83-9934-cb1eef93a52d","walker38","Prof. Dane Abernathy Sr.","member","2025-12-16 14:12:27","2025-12-16 14:12:27"
"140","7b9dd872-b02e-45cb-b94b-3b60118ffb20","eblanda","Michele Hill","member","2025-12-16 14:12:27","2025-12-16 14:12:27"
"141","7baae8f8-cd71-41da-8091-1cd028a222b2","wwatsica","Clemmie Nienow","member","2025-12-16 14:12:27","2025-12-16 14:12:27"
"142","7bbb4d0e-4c5c-4e0c-9d74-1897c297522c","easton.rogahn","Dr. Deangelo Lehner Sr.","member","2025-12-16 14:12:27","2025-12-16 14:12:27"
"143","7bf0b794-2a35-4e8f-af11-0a827c79d588","danika.conroy","Rod Flatley","member","2025-12-16 14:12:27","2025-12-16 14:12:27"
"144","7c7f715b-746c-46ff-ae5c-f03656c21be7","romaine66","Dorothea Legros","member","2025-12-16 14:12:27","2025-12-16 14:12:27"
"145","7ca2ce48-5e85-40c7-a43c-9fc047769658","brant.orn","Miss Gwendolyn Purdy PhD","member","2025-12-16 14:12:27","2025-12-16 14:12:27"
"146","7cd2069b-3ae5-4ef1-a215-42b5fb90ef5b","farrell.brent","Miss Ivy Rippin","member","2025-12-16 14:12:27","2025-12-16 14:12:27"
"147","7de0299c-2085-4e6a-a311-651bd9d6ba31","demetrius.cremin","Hunter Schuster","member","2025-12-16 14:12:27","2025-12-16 14:12:27"
"148","7df6371c-ccc3-44c0-8e92-e17d8e0c44d5","wlowe","Ms. Ivory Bernhard PhD","member","2025-12-16 14:12:27","2025-12-16 14:12:27"
"149","7eb3c6d2-76fe-48fe-a612-14bd6c130e2b","wyman.britney","Reyna Bernhard","member","2025-12-16 14:12:27","2025-12-16 14:12:27"
"150","7ec89cf2-5693-458b-8290-a8fe33f909f6","wiley55","Dr. Anissa Feil","member","2025-12-16 14:12:27","2025-12-16 14:12:27"
"151","7f8ba569-26fc-41d7-95c7-5236d40699fa","qernser","Nicole Kris","member","2025-12-16 14:12:27","2025-12-16 14:12:27"
"152","80339e0a-f581-4f91-a8e8-7d8a39c28a81","reid30","Mr. Alvah Leannon","member","2025-12-16 14:12:27","2025-12-16 14:12:27"
"153","817fe551-3b8c-4329-9f0d-f619e0277210","daphne07","Oleta Murazik","member","2025-12-16 14:12:27","2025-12-16 14:12:27"
"154","825d0f49-1d2d-4264-9cef-f14307f34073","mohr.reyna","Curt Beer","member","2025-12-16 14:12:27","2025-12-16 14:12:27"
"155","838b235d-66ba-4f0c-a0cf-16f4687c88af","keebler.berneice","Demario Schuppe","member","2025-12-16 14:12:27","2025-12-16 14:12:27"
"156","84f04190-ff3a-4492-9ddc-20f6ea6d4364","collins.jayme","Bartholome Sawayn","member","2025-12-16 14:12:27","2025-12-16 14:12:27"
"157","85485a02-f643-40de-80bc-b7b1b407293c","yasmine.johns","Rebeka Labadie","member","2025-12-16 14:12:27","2025-12-16 14:12:27"
"158","85b062b2-8f5a-4286-b153-4acf9c669110","trace.kautzer","Ruben Hilpert","member","2025-12-16 14:12:27","2025-12-16 14:12:27"
"159","863eb050-f5fc-4544-aff4-dd40bf656131","wiza.winnifred","Mr. Lucius Mosciski PhD","member","2025-12-16 14:12:28","2025-12-16 14:12:28"
"160","896c0654-0526-475e-bf68-a97fdb710641","vbergstrom","Dejuan O'Hara","member","2025-12-16 14:12:28","2025-12-16 14:12:28"
"161","8aa320c1-b8fe-4e4f-bb5f-da7ef0c914f0","garret.ruecker","Alfonso Daugherty","member","2025-12-16 14:12:28","2025-12-16 14:12:28"
"162","8b2fd506-224d-46f0-b43b-f741fc8aa27b","ellie.quitzon","Taryn Huel","member","2025-12-16 14:12:28","2025-12-16 14:12:28"
"163","8b781e11-47de-4b13-815e-30f99936f503","danyka08","Sage Kohler","member","2025-12-16 14:12:28","2025-12-16 14:12:28"
"164","8c554789-edb2-4ae7-9286-5747839206c0","luz23","Mr. Kamron Kiehn","member","2025-12-16 14:12:28","2025-12-16 14:12:28"
"165","8e702ee9-92f7-42ad-a6df-5fc78127c649","elnora75","Lorenzo Howell","member","2025-12-16 14:12:28","2025-12-16 14:12:28"
"166","902759ad-5f51-4069-b1a9-ed04454bfd96","qmccullough","Pamela Daniel","member","2025-12-16 14:12:28","2025-12-16 14:12:28"
"167","90a0b281-2ff3-4426-8e8e-29fb79312b13","tillman.auer","Troy Goodwin","member","2025-12-16 14:12:28","2025-12-16 14:12:28"
"168","91215778-0743-4071-a016-360898195d2e","cdooley","Rigoberto Cremin","member","2025-12-16 14:12:28","2025-12-16 14:12:28"
"169","936f33f2-ca06-4d25-9b27-9bc20f5fe74a","noelia.schultz","Prof. Jaunita Gleason DDS","member","2025-12-16 14:12:28","2025-12-16 14:12:28"
"170","93a23bed-8b06-49ef-a12e-637dcdf02ae9","emily26","Ed Boehm","member","2025-12-16 14:12:28","2025-12-16 14:12:28"
"171","9532ec15-449b-4088-affe-6f66525ac360","emurray","Alexander Runolfsdottir Sr.","member","2025-12-16 14:12:28","2025-12-16 14:12:28"
"172","9633f64c-8626-43aa-9246-72ea39be4484","saige.rippin","Miss Abigayle Keeling I","member","2025-12-16 14:12:28","2025-12-16 14:12:28"
"173","97fb2e52-1381-4f53-ac82-8cce5ed34232","giuseppe12","Mrs. Antonia Waters IV","member","2025-12-16 14:12:28","2025-12-16 14:12:28"
"174","992e25e3-c932-4ca7-9f75-11e6a41393d1","antoinette11","Jovani Keebler","member","2025-12-16 14:12:28","2025-12-16 14:12:28"
"175","99c5a7e4-c96e-48d4-a7f8-c71268e5162d","jovani70","Stephany Huels","member","2025-12-16 14:12:28","2025-12-16 14:12:28"
"176","9b796ec3-066c-4fd8-867c-9de3c95d7ca3","veronica.bednar","Florine Mraz","member","2025-12-16 14:12:28","2025-12-16 14:12:28"
"177","9c259496-c2b7-4d4e-a44a-83e3201885a1","ojohnson","Wilhelmine Farrell","member","2025-12-16 14:12:28","2025-12-16 14:12:28"
"178","9cf8ab72-181a-4ab8-a853-af73542c8604","evie.gutkowski","Nona Gaylord","member","2025-12-16 14:12:28","2025-12-16 14:12:28"
"179","9d7d232f-b42c-4553-ad5a-fec5f761c420","rowland.turner","Eladio Rohan","member","2025-12-16 14:12:28","2025-12-16 14:12:28"
"180","9f1e1367-1058-409f-a5bb-ca398211a6b8","godfrey90","Mattie McClure","member","2025-12-16 14:12:28","2025-12-16 14:12:28"
"181","a01c35d9-6dfa-4ef5-a3b1-cf495242cb10","hauck.filomena","Lea Spinka","member","2025-12-16 14:12:28","2025-12-16 14:12:28"
"182","a0f04176-5bd8-42eb-b58a-b328a18de6bb","damian.hackett","Leonor O'Reilly Jr.","member","2025-12-16 14:12:28","2025-12-16 14:12:28"
"183","a193f5e8-db5d-423c-861b-99b314e6e7c6","eileen95","Dr. Lisa Flatley","member","2025-12-16 14:12:28","2025-12-16 14:12:28"
"184","a2932809-7b7f-4637-b65d-e05558321983","corrine64","Deion Jaskolski","member","2025-12-16 14:12:28","2025-12-16 14:12:28"
"185","a42f1426-06b1-4040-b2ca-061aac79400f","daphne.hintz","Prof. Keanu Bayer","member","2025-12-16 14:12:28","2025-12-16 14:12:28"
"186","a501d1ce-00d6-48a7-bde8-20e5e297bef0","knader","Zoey Walker","member","2025-12-16 14:12:28","2025-12-16 14:12:28"
"187","a72f24d2-0b6d-443a-8573-6c849f10abbf","tillman.jerrod","Marcella Donnelly","member","2025-12-16 14:12:28","2025-12-16 14:12:28"
"188","a80d7ca7-2dd2-498b-b9b1-f23a3850ccc5","hauck.nayeli","Miss Bianka Zulauf Jr.","member","2025-12-16 14:12:28","2025-12-16 14:12:28"
"189","a846dabe-8189-48da-89de-0dcd905ef98f","cole.kamille","Dr. Kristina Terry MD","member","2025-12-16 14:12:28","2025-12-16 14:12:28"
"190","aae16571-b269-4c0e-89d8-f3a151feb290","bswift","Jonatan D'Amore","member","2025-12-16 14:12:28","2025-12-16 14:12:28"
"191","ab74d858-e8aa-4acb-9f72-ca635125e586","nwiza","Jonathan Sauer DDS","member","2025-12-16 14:12:28","2025-12-16 14:12:28"
"192","ac641a82-8ccf-4063-9eb1-fbae13e4b921","cole.porter","Jeanne Stokes","member","2025-12-16 14:12:28","2025-12-16 14:12:28"
"193","ac95e698-b959-4d0e-a214-b6a09a76e907","boyer.neva","Alexander Green","member","2025-12-16 14:12:28","2025-12-16 14:12:28"
"194","ad038df4-9888-4f3b-acf0-3f90b26a8c16","stefanie34","Tiara Zulauf","member","2025-12-16 14:12:28","2025-12-16 14:12:28"
"195","ad2c9911-18ff-44f7-88dd-efe87f517baa","gabshire","Omer Kertzmann","member","2025-12-16 14:12:28","2025-12-16 14:12:28"
"196","adba7401-bc33-4c6f-9981-f1a5fac21a36","bins.delphia","Hermina Nolan","member","2025-12-16 14:12:28","2025-12-16 14:12:28"
"197","adfdd795-ee82-40f5-96e2-de9717f3e842","nader.ellis","Shayne Kuhlman Sr.","member","2025-12-16 14:12:28","2025-12-16 14:12:28"
"198","aed2f45f-1d11-43dc-b473-d9c9de141e25","caesar.keebler","Prof. Bradley Hoeger","member","2025-12-16 14:12:28","2025-12-16 14:12:28"
"199","afc50054-c35b-4c96-ad5d-0ea054aa80db","dedric.zemlak","Jayde Stoltenberg","member","2025-12-16 14:12:28","2025-12-16 14:12:28"
"200","b0bb273d-70fa-4293-b3a7-c31b43fc0a56","grunolfsson","Audrey Reynolds","member","2025-12-16 14:12:28","2025-12-16 14:12:28"
"201","b2346d0e-e577-45a9-aae1-40c1e1d0aeb1","xmedhurst","Orlo Heidenreich","member","2025-12-16 14:12:28","2025-12-16 14:12:28"
"202","b2e324be-a992-4198-89e1-a46db07f7039","fbrown","Mr. Armando Balistreri","member","2025-12-16 14:12:28","2025-12-16 14:12:28"
"203","b506023f-ff8b-44c9-ba76-1a978438adc3","eloy.raynor","Logan Paucek MD","member","2025-12-16 14:12:28","2025-12-16 14:12:28"
"204","b5744ac9-a9e3-4cd7-8177-1f701871f809","kaitlyn.jerde","Caleigh Koch","member","2025-12-16 14:12:28","2025-12-16 14:12:28"
"205","b5ebbb6d-bcf7-4d1c-bf6b-7147553e1e1a","danial59","Ruby Medhurst","member","2025-12-16 14:12:28","2025-12-16 14:12:28"
"206","b83280b5-6462-43ee-b18a-47073ee5a079","asia.kuhic","Ms. Baby Purdy V","member","2025-12-16 14:12:28","2025-12-16 14:12:28"
"207","b874e56a-8886-48aa-aeee-5b66a823613b","abel.daugherty","Frank Bechtelar","member","2025-12-16 14:12:28","2025-12-16 14:12:28"
"208","b88017d5-aa02-4b0a-9514-2241fa386520","carissa61","Estelle Romaguera DVM","member","2025-12-16 14:12:28","2025-12-16 14:12:28"
"209","ba0cc4b5-770b-4f6f-9005-b52930bf36bc","mmcglynn","Ezra Cormier","member","2025-12-16 14:12:28","2025-12-16 14:12:28"
"210","bae28567-5a5f-4f27-accf-7b9bed9a25a8","vergie05","Schuyler Kohler","member","2025-12-16 14:12:28","2025-12-16 14:12:28"
"211","bb99b9c3-e5e5-4dbd-9d4f-36e03a61819a","gmetz","Dorian Wyman DDS","member","2025-12-16 14:12:28","2025-12-16 14:12:28"
"212","bbb0602e-e032-47b2-9c6c-eeb5ae5c9fa3","blanche08","Gunner Harvey","member","2025-12-16 14:12:28","2025-12-16 14:12:28"
"213","bc44efa2-82d9-4180-8c6d-99a6ee5f69c1","camryn94","Jaylin Casper","member","2025-12-16 14:12:28","2025-12-16 14:12:28"
"214","bc47dded-45bf-450c-8a7e-1c477e53b8ef","blake51","Thurman Emard","member","2025-12-16 14:12:28","2025-12-16 14:12:28"
"215","bce88379-ad1f-4813-a6b2-1154412eedbb","dibbert.rhoda","Prof. Mauricio Lind Sr.","member","2025-12-16 14:12:28","2025-12-16 14:12:28"
"216","be30ef86-d80f-4205-91c3-997c8fdaccc6","burley71","Justyn Wunsch","member","2025-12-16 14:12:28","2025-12-16 14:12:28"
"217","c37ff475-39cc-413d-937a-fa398a2913c7","zfritsch","Henri Wunsch","member","2025-12-16 14:12:28","2025-12-16 14:12:28"
"218","c406924d-d147-4abd-823e-5e43ad2d2c9f","angus46","Margret Moen II","member","2025-12-16 14:12:28","2025-12-16 14:12:28"
"219","c4fb499d-1b5e-46fa-8a09-8cb84f9db2de","keeley.johns","Michale Weber","member","2025-12-16 14:12:28","2025-12-16 14:12:28"
"220","c51158e4-0c84-47e2-bcee-1aab46e1053a","hardy93","Kaela Quitzon III","member","2025-12-16 14:12:28","2025-12-16 14:12:28"
"221","c5733f2a-5445-4265-a406-cdc824b70d10","oren76","Ladarius Jacobson","member","2025-12-16 14:12:28","2025-12-16 14:12:28"
"222","c5dc1c1a-61eb-4043-9f6d-288b89428adf","alphonso.anderson","Albert Goodwin","member","2025-12-16 14:12:28","2025-12-16 14:12:28"
"223","c637b71a-6ac6-4dc2-bfb5-75e1b605fdb2","npurdy","Ava Zulauf","member","2025-12-16 14:12:28","2025-12-16 14:12:28"
"224","c648fc83-5fea-416e-be47-2bf944df197a","athena.hyatt","Ova Casper","member","2025-12-16 14:12:28","2025-12-16 14:12:28"
"225","c66a6c12-95f0-4da2-b99e-3ec0e8d8f540","gisselle.adams","Judah Morar","member","2025-12-16 14:12:28","2025-12-16 14:12:28"
"226","c8314689-9cc6-42ce-b4d5-da8db71eb301","walker.elouise","Dr. Ignacio Nitzsche","member","2025-12-16 14:12:28","2025-12-16 14:12:28"
"227","c8856e6d-9021-4dc9-a9ac-1c7d523b34ff","litzy.reilly","Dante Rodriguez","member","2025-12-16 14:12:28","2025-12-16 14:12:28"
"228","ca267d29-8f59-47f7-b6a6-225cfaae3834","bryce58","Dee Price","member","2025-12-16 14:12:28","2025-12-16 14:12:28"
"229","ca9e3bf1-32ce-48ec-a596-ff4691f01d64","eherman","Mr. Makenna Streich","member","2025-12-16 14:12:28","2025-12-16 14:12:28"
"230","cb663842-4a53-4159-a53a-9dfbf1a084a9","egrimes","Virgil Franecki DVM","member","2025-12-16 14:12:28","2025-12-16 14:12:28"
"231","cbb4cb89-567b-4b69-8faf-b423dc69e472","bhills","Hugh Davis","member","2025-12-16 14:12:28","2025-12-16 14:12:28"
"232","cbd11aa1-aed7-4f23-b7ed-6ec8d2f61acd","flo71","Elyse Rowe","member","2025-12-16 14:12:28","2025-12-16 14:12:28"
"233","cde651eb-5a3c-4938-baef-c0bdfbe842c1","annie.bosco","Keara Schuppe","member","2025-12-16 14:12:28","2025-12-16 14:12:28"
"234","d005fa6a-5415-4eb1-89e5-f4bb38ca99e0","savanah.walker","Mrs. Rose Tromp","member","2025-12-16 14:12:28","2025-12-16 14:12:28"
"235","d04f3680-0e64-41a8-9d36-715d9cc5e999","josiane.mills","Buck Friesen","member","2025-12-16 14:12:28","2025-12-16 14:12:28"
"236","d09bd2de-42f5-405d-9687-a7903cc367a7","rdaniel","Noemie Corkery","member","2025-12-16 14:12:28","2025-12-16 14:12:28"
"237","d10d414d-cc81-4f0c-ad9d-183dc60204de","shanelle91","Clint Kilback","member","2025-12-16 14:12:28","2025-12-16 14:12:28"
"238","d16fafae-cce9-46a4-961c-d0a45851694e","murphy.chandler","Archibald Pacocha","member","2025-12-16 14:12:28","2025-12-16 14:12:28"
"239","d24b87b3-ac3c-46d8-ab2e-612f76a465ec","herman.dax","Della Bednar","member","2025-12-16 14:12:28","2025-12-16 14:12:28"
"240","d2940d44-331b-45bc-94ca-89079bb4a89d","bebert","Dr. Bethel Torphy","member","2025-12-16 14:12:28","2025-12-16 14:12:28"
"241","d472adf7-0de4-4133-a476-c2cf63aaf10b","iwisozk","Geovany O'Keefe DVM","member","2025-12-16 14:12:28","2025-12-16 14:12:28"
"242","d48aeb5b-670c-4282-912a-963c9347f5d3","jwunsch","Jordy Reichert","member","2025-12-16 14:12:28","2025-12-16 14:12:28"
"243","d4ce4d03-be61-4d2b-8c2a-afe3b111a51c","maeve54","Prof. Armani Mosciski","member","2025-12-16 14:12:28","2025-12-16 14:12:28"
"244","d5971bbc-42e9-4bb3-a8ff-898398c43ec7","barrows.rasheed","Larry Moen","member","2025-12-16 14:12:28","2025-12-16 14:12:28"
"245","d5aff333-6af1-49ef-a909-cddb49033583","bins.catharine","Dorris Von","member","2025-12-16 14:12:28","2025-12-16 14:12:28"
"246","d65d05d8-09f8-4a3d-924f-1940cc3067dd","strosin.brett","Prof. Manuel Brakus DVM","member","2025-12-16 14:12:28","2025-12-16 14:12:28"
"247","d6f66f55-dd3f-43f1-8339-62708f3b750c","kris55","Shanie Rath","member","2025-12-16 14:12:28","2025-12-16 14:12:28"
"248","d959db27-bd18-4e92-97f8-bf4840c0fb4c","ismael87","Mittie VonRueden","member","2025-12-16 14:12:28","2025-12-16 14:12:28"
"249","d9e42add-95f1-4c94-871e-1601cab1eb51","elvis25","Miracle Dach","member","2025-12-16 14:12:28","2025-12-16 14:12:28"
"250","d9fd4595-05c5-44c7-a4ad-d0289c833c39","gerlach.christina","Sydney Watsica","member","2025-12-16 14:12:28","2025-12-16 14:12:28"
"251","dcfa08d9-952c-4b3b-9976-db71d233c9ba","jena.kuhlman","Charlie Predovic","member","2025-12-16 14:12:28","2025-12-16 14:12:28"
"252","dd0d6bef-47a7-4041-bc20-d6d72a555ea5","elias.cormier","Cathy Leannon PhD","member","2025-12-16 14:12:28","2025-12-16 14:12:28"
"253","dda928e5-6e48-4aca-a9e6-e71e87606be1","bruen.zoe","Caleb Batz","member","2025-12-16 14:12:28","2025-12-16 14:12:28"
"254","ddaf9ebd-e0b7-4c97-aecb-a6cdc066f3d1","reichel.dayton","Ellen Moen","member","2025-12-16 14:12:28","2025-12-16 14:12:28"
"255","ddafc176-3e71-4e79-a19a-e79ac6235150","okuvalis","Prof. Maybell McDermott I","member","2025-12-16 14:12:28","2025-12-16 14:12:28"
"256","df1f5f29-04c0-43da-8d11-26a148a3d9bf","maggio.diana","Favian Dickens","member","2025-12-16 14:12:28","2025-12-16 14:12:28"
"257","e0783c90-e641-46c1-b472-983f9bd34bb3","ethel.dickens","Tatum Gaylord","member","2025-12-16 14:12:28","2025-12-16 14:12:28"
"258","e07db377-b17b-4dda-940c-8f6ab7550565","randall99","Berenice Hessel","member","2025-12-16 14:12:28","2025-12-16 14:12:28"
"259","e180f01b-cdc7-4788-8714-aa4b6f6e1c89","roob.joesph","Maci Kilback","member","2025-12-16 14:12:28","2025-12-16 14:12:28"
"260","e1cd9d20-730b-4db2-95c3-08af8e986f9b","linwood.ziemann","Zackary Mraz","member","2025-12-16 14:12:28","2025-12-16 14:12:28"
"261","e329397b-f72c-4556-b14a-295cc8f05062","kristofer.murazik","Prof. Madison Heaney I","member","2025-12-16 14:12:28","2025-12-16 14:12:28"
"262","e44d1b84-1a43-4ea2-9581-4a2ccd240a1f","vfay","Davion Schowalter","member","2025-12-16 14:12:28","2025-12-16 14:12:28"
"263","e47a59f7-9025-4aa7-bc09-b6c37ce121ee","ggutmann","Delbert Bashirian","member","2025-12-16 14:12:28","2025-12-16 14:12:28"
"264","e4a1715f-9307-4d76-a093-01b297928646","volkman.ansley","Lia Nikolaus","member","2025-12-16 14:12:28","2025-12-16 14:12:28"
"265","e5297e44-f5ea-44c6-9520-487ecb6d8e60","zhermiston","Mr. Lexus Kuhn DVM","member","2025-12-16 14:12:28","2025-12-16 14:12:28"
"266","e8cbd8c2-98b0-4e03-ae82-e02940f8aa55","wturcotte","Mr. Daron Zulauf","member","2025-12-16 14:12:28","2025-12-16 14:12:28"
"267","e9108ee7-72db-47b1-a872-a2b568c11129","nathan.roberts","Prof. Magnus Bailey","member","2025-12-16 14:12:28","2025-12-16 14:12:28"
"268","e99902ff-2b83-45b3-b2b0-7b3e45844de6","peter.kuhic","Dr. Modesto King","member","2025-12-16 14:12:28","2025-12-16 14:12:28"
"269","eb798c8d-8f2d-425a-8392-c6506a239605","stoltenberg.earl","Arnold Bashirian","member","2025-12-16 14:12:28","2025-12-16 14:12:28"
"270","ebe2fad1-940c-426b-aa11-a0a39bc09a40","amalia.bahringer","Lambert Lemke","member","2025-12-16 14:12:28","2025-12-16 14:12:28"
"271","ecc822f3-fb2b-46d5-b794-6cf5e5b74a01","chandler.lueilwitz","Dell Kemmer","member","2025-12-16 14:12:28","2025-12-16 14:12:28"
"272","edfe2d67-82f6-4b90-a6ef-915b2618291b","lucas.turcotte","Miss Monica Fahey DVM","member","2025-12-16 14:12:28","2025-12-16 14:12:28"
"273","ee9d4f8a-4582-411f-8f7d-13625caf9384","lueilwitz.tyree","Mr. Luciano Zieme PhD","member","2025-12-16 14:12:28","2025-12-16 14:12:28"
"274","ef53ada5-2a95-41d4-a411-52dee8534ae3","tavares.fahey","Cathryn Pollich","member","2025-12-16 14:12:28","2025-12-16 14:12:28"
"275","efb8691d-e474-4664-a69d-a75abb966762","mathew.stoltenberg","Celine Parker","member","2025-12-16 14:12:28","2025-12-16 14:12:28"
"276","f03f04b4-db84-4507-bc9a-9b6fe8dab079","kerluke.ola","Mrs. Elsie Baumbach DDS","member","2025-12-16 14:12:28","2025-12-16 14:12:28"
"277","f07c0f45-b4db-4991-a6ca-51ce9b0999c4","mleuschke","Karelle Gerlach","member","2025-12-16 14:12:28","2025-12-16 14:12:28"
"278","f125a7ea-dec0-4f91-a220-17d08422276f","jaclyn86","Prof. Sheldon Kunde DVM","member","2025-12-16 14:12:28","2025-12-16 14:12:28"
"279","f12d43b5-4640-482f-85de-a3cf6b76cd12","tanya43","Theron Mertz","member","2025-12-16 14:12:28","2025-12-16 14:12:28"
"280","f13d705c-ab37-44b8-8842-58c110033494","keagan.hill","Heath Weissnat","member","2025-12-16 14:12:28","2025-12-16 14:12:28"
"281","f25808fe-c706-4c7c-a676-ca50c5e1687f","johann.gusikowski","Dr. Cesar Turner","member","2025-12-16 14:12:28","2025-12-16 14:12:28"
"282","f2abbfd1-051e-4543-bb47-584fa658351b","moore.jensen","Lyric Homenick Jr.","member","2025-12-16 14:12:28","2025-12-16 14:12:28"
"283","f35807e2-10f7-4cff-8831-936e208bb426","edward.rohan","Louvenia Marquardt","member","2025-12-16 14:12:28","2025-12-16 14:12:28"
"284","f445a00b-e208-4690-8226-00616fe90bf4","marvin.gideon","Tessie Lesch","member","2025-12-16 14:12:28","2025-12-16 14:12:28"
"285","f49e3ff4-39bf-4ed8-9158-f9147c21931d","gjacobi","Grace Nicolas","member","2025-12-16 14:12:28","2025-12-16 14:12:28"
"286","f4ca43f1-d2b7-4d1b-8411-7aed83180950","norma36","Reba Klocko V","member","2025-12-16 14:12:28","2025-12-16 14:12:28"
"287","f680f2b9-f90d-4768-9033-883079416952","roberta.hickle","Prof. Emil Cremin","member","2025-12-16 14:12:28","2025-12-16 14:12:28"
"288","f93a4557-31a3-4a03-9a2a-f7550bd7c75c","ymertz","Dolores Koelpin","member","2025-12-16 14:12:28","2025-12-16 14:12:28"
"289","f9ca6d18-05d0-4283-bc70-8220a2be06c4","fay.torp","Albina Schulist II","member","2025-12-16 14:12:28","2025-12-16 14:12:28"
"290","fab0176a-0c8d-4671-902c-5c1c571a79eb","paolo67","Dr. Don Bernhard Sr.","member","2025-12-16 14:12:28","2025-12-16 14:12:28"
"291","fbbedd9a-7c6b-4b92-9d1a-a5602bd1a593","kelvin12","Lamar Schultz","member","2025-12-16 14:12:28","2025-12-16 14:12:28"
"292","fc148fd3-5eb8-49cb-9916-4bdd3096f1c7","mohamed.waelchi","Ruthie Feest","member","2025-12-16 14:12:28","2025-12-16 14:12:28"
"293","fc92fbcf-ff18-4c21-86e1-0ebe0155be55","dariana24","Eleazar Roob","member","2025-12-16 14:12:28","2025-12-16 14:12:28"
"294","fd153caa-8500-4e67-87d1-10e28cdcfed2","hartmann.delta","Gerda King","member","2025-12-16 14:12:28","2025-12-16 14:12:28"
"295","fda46703-0a4f-4e3c-b2a2-f4ac6ae45dec","reuben.swaniawski","Prof. Joany Pollich DDS","member","2025-12-16 14:12:28","2025-12-16 14:12:28"
"296","fe4a1070-3db8-4977-a611-c19823af8653","alexandro23","Randy Jerde","member","2025-12-16 14:12:28","2025-12-16 14:12:28"
"297","fe747d51-0431-4485-ad17-636e63e0f60f","enolan","Gudrun Turner","member","2025-12-16 14:12:28","2025-12-16 14:12:28"
"298","fec6ffbb-f3ff-4e92-ae0a-88e9ce7a1510","smitham.forest","D'angelo Pfannerstill","member","2025-12-16 14:12:28","2025-12-16 14:12:28"
"299","fec91b7b-0141-4e38-9aea-40338546f50c","spinka.myah","Mauricio Langworth","member","2025-12-16 14:12:28","2025-12-16 14:12:28"
"300","fef7cbcc-58a1-475b-9768-ce08c9c53d3e","larson.drew","Vern Lockman","member","2025-12-16 14:12:28","2025-12-16 14:12:28"
"301","ff6365d0-a071-4eca-9fe7-6297cf6cf4f1","rrolfson","Mr. Colby Koelpin","member","2025-12-16 14:12:28","2025-12-16 14:12:28"
"302","ff81e9b2-e99f-4669-b1f8-2b2c271585d6","karl.wehner","Natasha Rempel","member","2025-12-16 14:12:28","2025-12-16 14:12:28"
